{
    "data": [
     
    ],
    "options" : [{
		"name": "Data Model",
		"attributes": [{
				"name": "name",
				"type": "string",
				"operations": ["equals", "notEquals", "contains", "startsWith", "endsWith"]
			},
			{
				"name": "family_name",
				"type": "string",
				"operations": ["equals", "notEquals", "contains", "startsWith", "endsWith"]
			},
			{
				"name": "email",
				"type": "string",
				"operations": ["equals", "notEquals", "contains", "startsWith", "endsWith"]
			},
			{
				"name": "email_verified",
				"type": "boolean",
				"operations": ["equals", "notEquals"]
			},
			{
				"name": "phone_number",
				"type": "string",
				"operations": ["equals", "notEquals", "contains", "startsWith", "endsWith"]
			},
			{
				"name": "phone_number_verified",
				"type": "boolean",
				"operations": ["equals", "notEquals"]
			},
			{
				"name":"national_identifier_verified",
				"type": "string",
				"operations": ["equals", "notEquals"],
				"values": ["Weak", "Fair", "Strong", "Superior"]
			}
		]
	},
	{
		"name": "Authentication Means",
		"attributes": [{
				"name": "push",
				"type": "string",
				"operations": ["existe", "notExiste", "locked", "enrolled", "notEnrolled"]

			},
			{
				"name": "oath",
				"type": "string",
				"operations": ["existe", "notExiste", "locked"]
			},
			{
				"name": "otp sms",
				"type": "string",
				"operations": ["existe", "notExiste", "locked"]
			},
			{
				"name": "password",
				"type": "string",
				"operations": ["existe", "notExiste", "locked"]
			}
		]
	},
	{
		"name": "Authentication Audit",
		"attributes": [{
				"name": "numberOfAuthPwd",
				"type": "integer",
				"operations": ["equals", "notEquals", "between", "lessThan", "lessThanOrEquals", "greaterThan", "greaterThanOrEquals"]
			},
			{
				"name": "numberOfAuthPush",
				"type": "integer",
				"operations": ["equals", "notEquals", "between", "lessThan", "lessThanOrEquals", "greaterThan", "greaterThanOrEquals"]

			}
		]
	}
]

}